date,channel,spend_eur
2025-06-21,google_ads,382.88
2025-06-21,meta_ads,119.15
2025-06-21,tiktok_ads,276.78
2025-06-21,email,81.0
2025-06-21,affiliate,236.55
2025-06-22,google_ads,193.02
2025-06-22,meta_ads,590.62
2025-06-22,tiktok_ads,64.65
2025-06-22,email,32.14
2025-06-22,affiliate,178.69
2025-06-23,google_ads,1163.7
2025-06-23,meta_ads,451.06
2025-06-23,tiktok_ads,194.47
2025-06-23,email,61.91
2025-06-23,affiliate,220.09
2025-06-24,google_ads,1038.11
2025-06-24,meta_ads,626.98
2025-06-24,tiktok_ads,123.51
2025-06-24,email,74.09
2025-06-24,affiliate,63.91
2025-06-25,google_ads,323.21
2025-06-25,meta_ads,280.65
2025-06-25,tiktok_ads,395.17
2025-06-25,email,38.88
2025-06-25,affiliate,148.03
2025-06-26,google_ads,560.96
2025-06-26,meta_ads,887.24
2025-06-26,tiktok_ads,355.79
2025-06-26,email,39.71
2025-06-26,affiliate,212.84
2025-06-27,google_ads,991.8
2025-06-27,meta_ads,213.56
2025-06-27,tiktok_ads,325.73
2025-06-27,email,117.48
2025-06-27,affiliate,147.96
2025-06-28,google_ads,348.09
2025-06-28,meta_ads,449.36
2025-06-28,tiktok_ads,112.14
2025-06-28,email,10.13
2025-06-28,affiliate,138.32
2025-06-29,google_ads,766.93
2025-06-29,meta_ads,619.66
2025-06-29,tiktok_ads,135.04
2025-06-29,email,62.75
2025-06-29,affiliate,169.24
2025-06-30,google_ads,924.53
2025-06-30,meta_ads,191.11
2025-06-30,tiktok_ads,423.88
2025-06-30,email,16.4
2025-06-30,affiliate,72.0
2025-07-01,google_ads,624.65
2025-07-01,meta_ads,560.98
2025-07-01,tiktok_ads,224.12
2025-07-01,email,58.69
2025-07-01,affiliate,107.24
2025-07-02,google_ads,899.39
2025-07-02,meta_ads,636.09
2025-07-02,tiktok_ads,189.22
2025-07-02,email,19.16
2025-07-02,affiliate,32.35
2025-07-03,google_ads,1174.45
2025-07-03,meta_ads,218.69
2025-07-03,tiktok_ads,467.6
2025-07-03,email,72.77
2025-07-03,affiliate,20.12
2025-07-04,google_ads,876.29
2025-07-04,meta_ads,188.25
2025-07-04,tiktok_ads,106.7
2025-07-04,email,71.08
2025-07-04,affiliate,103.29
2025-07-05,google_ads,697.07
2025-07-05,meta_ads,152.49
2025-07-05,tiktok_ads,187.19
2025-07-05,email,62.09
2025-07-05,affiliate,177.8
2025-07-06,google_ads,899.63
2025-07-06,meta_ads,519.76
2025-07-06,tiktok_ads,96.04
2025-07-06,email,118.87
2025-07-06,affiliate,59.59
2025-07-07,google_ads,1101.22
2025-07-07,meta_ads,503.0
2025-07-07,tiktok_ads,457.97
2025-07-07,email,96.96
2025-07-07,affiliate,128.88
2025-07-08,google_ads,848.42
2025-07-08,meta_ads,655.83
2025-07-08,tiktok_ads,347.74
2025-07-08,email,104.61
2025-07-08,affiliate,96.77
2025-07-09,google_ads,430.07
2025-07-09,meta_ads,599.36
2025-07-09,tiktok_ads,201.37
2025-07-09,email,105.38
2025-07-09,affiliate,247.19
2025-07-10,google_ads,948.17
2025-07-10,meta_ads,340.8
2025-07-10,tiktok_ads,394.44
2025-07-10,email,48.12
2025-07-10,affiliate,108.22
2025-07-11,google_ads,878.2
2025-07-11,meta_ads,611.65
2025-07-11,tiktok_ads,386.48
2025-07-11,email,83.58
2025-07-11,affiliate,58.13
2025-07-12,google_ads,399.89
2025-07-12,meta_ads,212.62
2025-07-12,tiktok_ads,152.92
2025-07-12,email,42.09
2025-07-12,affiliate,236.47
2025-07-13,google_ads,908.1
2025-07-13,meta_ads,204.23
2025-07-13,tiktok_ads,142.57
2025-07-13,email,60.44
2025-07-13,affiliate,199.62
2025-07-14,google_ads,812.61
2025-07-14,meta_ads,322.33
2025-07-14,tiktok_ads,255.42
2025-07-14,email,56.61
2025-07-14,affiliate,192.87
2025-07-15,google_ads,941.56
2025-07-15,meta_ads,728.58
2025-07-15,tiktok_ads,362.16
2025-07-15,email,59.2
2025-07-15,affiliate,142.72
2025-07-16,google_ads,943.54
2025-07-16,meta_ads,825.38
2025-07-16,tiktok_ads,397.53
2025-07-16,email,10.53
2025-07-16,affiliate,141.94
2025-07-17,google_ads,543.51
2025-07-17,meta_ads,725.12
2025-07-17,tiktok_ads,415.67
2025-07-17,email,60.36
2025-07-17,affiliate,157.7
2025-07-18,google_ads,246.43
2025-07-18,meta_ads,422.38
2025-07-18,tiktok_ads,191.24
2025-07-18,email,89.59
2025-07-18,affiliate,138.73
2025-07-19,google_ads,224.35
2025-07-19,meta_ads,519.72
2025-07-19,tiktok_ads,153.03
2025-07-19,email,100.14
2025-07-19,affiliate,97.6
2025-07-20,google_ads,484.61
2025-07-20,meta_ads,150.96
2025-07-20,tiktok_ads,172.42
2025-07-20,email,46.38
2025-07-20,affiliate,149.94
2025-07-21,google_ads,777.56
2025-07-21,meta_ads,477.55
2025-07-21,tiktok_ads,140.37
2025-07-21,email,51.13
2025-07-21,affiliate,76.0
2025-07-22,google_ads,345.36
2025-07-22,meta_ads,481.03
2025-07-22,tiktok_ads,320.11
2025-07-22,email,20.69
2025-07-22,affiliate,46.81
2025-07-23,google_ads,891.47
2025-07-23,meta_ads,192.57
2025-07-23,tiktok_ads,368.5
2025-07-23,email,50.91
2025-07-23,affiliate,179.39
2025-07-24,google_ads,270.82
2025-07-24,meta_ads,550.67
2025-07-24,tiktok_ads,240.56
2025-07-24,email,56.67
2025-07-24,affiliate,137.69
2025-07-25,google_ads,753.9
2025-07-25,meta_ads,896.6
2025-07-25,tiktok_ads,201.46
2025-07-25,email,34.46
2025-07-25,affiliate,58.17
2025-07-26,google_ads,405.28
2025-07-26,meta_ads,390.19
2025-07-26,tiktok_ads,152.24
2025-07-26,email,100.06
2025-07-26,affiliate,124.41
2025-07-27,google_ads,787.27
2025-07-27,meta_ads,616.48
2025-07-27,tiktok_ads,63.66
2025-07-27,email,93.53
2025-07-27,affiliate,223.49
2025-07-28,google_ads,347.8
2025-07-28,meta_ads,793.82
2025-07-28,tiktok_ads,176.47
2025-07-28,email,48.08
2025-07-28,affiliate,242.6
2025-07-29,google_ads,695.34
2025-07-29,meta_ads,849.32
2025-07-29,tiktok_ads,63.81
2025-07-29,email,103.67
2025-07-29,affiliate,88.2
2025-07-30,google_ads,1026.23
2025-07-30,meta_ads,766.98
2025-07-30,tiktok_ads,287.5
2025-07-30,email,107.28
2025-07-30,affiliate,131.38
2025-07-31,google_ads,991.68
2025-07-31,meta_ads,798.35
2025-07-31,tiktok_ads,376.04
2025-07-31,email,25.5
2025-07-31,affiliate,34.77
2025-08-01,google_ads,958.7
2025-08-01,meta_ads,361.44
2025-08-01,tiktok_ads,487.57
2025-08-01,email,38.09
2025-08-01,affiliate,187.63
2025-08-02,google_ads,389.32
2025-08-02,meta_ads,120.63
2025-08-02,tiktok_ads,169.08
2025-08-02,email,60.12
2025-08-02,affiliate,43.85
2025-08-03,google_ads,860.06
2025-08-03,meta_ads,626.79
2025-08-03,tiktok_ads,447.01
2025-08-03,email,18.87
2025-08-03,affiliate,118.85
2025-08-04,google_ads,658.01
2025-08-04,meta_ads,524.28
2025-08-04,tiktok_ads,295.55
2025-08-04,email,98.95
2025-08-04,affiliate,99.15
2025-08-05,google_ads,344.06
2025-08-05,meta_ads,774.13
2025-08-05,tiktok_ads,139.61
2025-08-05,email,59.06
2025-08-05,affiliate,236.83
2025-08-06,google_ads,627.86
2025-08-06,meta_ads,839.61
2025-08-06,tiktok_ads,288.13
2025-08-06,email,78.05
2025-08-06,affiliate,155.63
2025-08-07,google_ads,741.76
2025-08-07,meta_ads,495.77
2025-08-07,tiktok_ads,267.08
2025-08-07,email,42.25
2025-08-07,affiliate,95.76
2025-08-08,google_ads,457.98
2025-08-08,meta_ads,488.94
2025-08-08,tiktok_ads,189.76
2025-08-08,email,17.62
2025-08-08,affiliate,83.86
2025-08-09,google_ads,275.18
2025-08-09,meta_ads,801.69
2025-08-09,tiktok_ads,315.75
2025-08-09,email,86.11
2025-08-09,affiliate,69.0
2025-08-10,google_ads,1115.14
2025-08-10,meta_ads,630.01
2025-08-10,tiktok_ads,251.38
2025-08-10,email,86.49
2025-08-10,affiliate,96.56
2025-08-11,google_ads,1191.05
2025-08-11,meta_ads,890.9
2025-08-11,tiktok_ads,315.83
2025-08-11,email,37.63
2025-08-11,affiliate,226.04
2025-08-12,google_ads,715.93
2025-08-12,meta_ads,170.41
2025-08-12,tiktok_ads,127.4
2025-08-12,email,40.67
2025-08-12,affiliate,244.81
2025-08-13,google_ads,486.34
2025-08-13,meta_ads,370.95
2025-08-13,tiktok_ads,325.78
2025-08-13,email,56.41
2025-08-13,affiliate,201.31
2025-08-14,google_ads,549.47
2025-08-14,meta_ads,239.12
2025-08-14,tiktok_ads,450.32
2025-08-14,email,117.93
2025-08-14,affiliate,114.21
2025-08-15,google_ads,1003.32
2025-08-15,meta_ads,252.08
2025-08-15,tiktok_ads,118.22
2025-08-15,email,111.38
2025-08-15,affiliate,219.6
2025-08-16,google_ads,245.95
2025-08-16,meta_ads,439.84
2025-08-16,tiktok_ads,207.53
2025-08-16,email,37.76
2025-08-16,affiliate,26.96
2025-08-17,google_ads,411.0
2025-08-17,meta_ads,336.96
2025-08-17,tiktok_ads,117.44
2025-08-17,email,79.92
2025-08-17,affiliate,88.89
2025-08-18,google_ads,448.08
2025-08-18,meta_ads,309.88
2025-08-18,tiktok_ads,253.6
2025-08-18,email,84.27
2025-08-18,affiliate,205.94
2025-08-19,google_ads,1113.59
2025-08-19,meta_ads,686.6
2025-08-19,tiktok_ads,459.71
2025-08-19,email,17.41
2025-08-19,affiliate,115.19
2025-08-20,google_ads,848.7
2025-08-20,meta_ads,363.2
2025-08-20,tiktok_ads,260.89
2025-08-20,email,106.18
2025-08-20,affiliate,116.23
2025-08-21,google_ads,1061.58
2025-08-21,meta_ads,749.85
2025-08-21,tiktok_ads,106.26
2025-08-21,email,78.81
2025-08-21,affiliate,68.23
2025-08-22,google_ads,898.53
2025-08-22,meta_ads,518.66
2025-08-22,tiktok_ads,432.87
2025-08-22,email,71.34
2025-08-22,affiliate,132.3
2025-08-23,google_ads,727.83
2025-08-23,meta_ads,341.66
2025-08-23,tiktok_ads,366.66
2025-08-23,email,42.87
2025-08-23,affiliate,163.19
2025-08-24,google_ads,605.99
2025-08-24,meta_ads,354.99
2025-08-24,tiktok_ads,203.49
2025-08-24,email,101.67
2025-08-24,affiliate,38.38
2025-08-25,google_ads,1130.09
2025-08-25,meta_ads,273.94
2025-08-25,tiktok_ads,435.99
2025-08-25,email,84.87
2025-08-25,affiliate,60.48
2025-08-26,google_ads,339.51
2025-08-26,meta_ads,853.61
2025-08-26,tiktok_ads,462.54
2025-08-26,email,67.56
2025-08-26,affiliate,144.27
2025-08-27,google_ads,632.79
2025-08-27,meta_ads,181.13
2025-08-27,tiktok_ads,467.14
2025-08-27,email,101.76
2025-08-27,affiliate,161.09
2025-08-28,google_ads,590.11
2025-08-28,meta_ads,841.76
2025-08-28,tiktok_ads,326.52
2025-08-28,email,93.73
2025-08-28,affiliate,60.39
2025-08-29,google_ads,701.5
2025-08-29,meta_ads,267.24
2025-08-29,tiktok_ads,364.78
2025-08-29,email,68.59
2025-08-29,affiliate,85.91
2025-08-30,google_ads,883.72
2025-08-30,meta_ads,140.41
2025-08-30,tiktok_ads,156.9
2025-08-30,email,84.2
2025-08-30,affiliate,207.33
2025-08-31,google_ads,683.68
2025-08-31,meta_ads,449.91
2025-08-31,tiktok_ads,392.04
2025-08-31,email,28.43
2025-08-31,affiliate,191.53
2025-09-01,google_ads,1117.96
2025-09-01,meta_ads,305.99
2025-09-01,tiktok_ads,250.34
2025-09-01,email,51.98
2025-09-01,affiliate,120.39
2025-09-02,google_ads,492.98
2025-09-02,meta_ads,740.74
2025-09-02,tiktok_ads,468.97
2025-09-02,email,92.39
2025-09-02,affiliate,145.38
2025-09-03,google_ads,336.18
2025-09-03,meta_ads,858.56
2025-09-03,tiktok_ads,369.07
2025-09-03,email,95.56
2025-09-03,affiliate,62.82
2025-09-04,google_ads,344.03
2025-09-04,meta_ads,497.08
2025-09-04,tiktok_ads,226.64
2025-09-04,email,13.2
2025-09-04,affiliate,75.94
2025-09-05,google_ads,206.29
2025-09-05,meta_ads,895.46
2025-09-05,tiktok_ads,272.57
2025-09-05,email,71.71
2025-09-05,affiliate,211.17
2025-09-06,google_ads,488.42
2025-09-06,meta_ads,588.2
2025-09-06,tiktok_ads,352.97
2025-09-06,email,35.03
2025-09-06,affiliate,71.03
2025-09-07,google_ads,686.43
2025-09-07,meta_ads,723.39
2025-09-07,tiktok_ads,480.62
2025-09-07,email,87.47
2025-09-07,affiliate,130.48
2025-09-08,google_ads,542.12
2025-09-08,meta_ads,468.96
2025-09-08,tiktok_ads,144.87
2025-09-08,email,81.54
2025-09-08,affiliate,217.52
2025-09-09,google_ads,1051.37
2025-09-09,meta_ads,489.69
2025-09-09,tiktok_ads,343.5
2025-09-09,email,94.38
2025-09-09,affiliate,32.86
2025-09-10,google_ads,530.59
2025-09-10,meta_ads,404.74
2025-09-10,tiktok_ads,216.84
2025-09-10,email,74.24
2025-09-10,affiliate,70.21
2025-09-11,google_ads,1141.52
2025-09-11,meta_ads,731.96
2025-09-11,tiktok_ads,157.08
2025-09-11,email,79.96
2025-09-11,affiliate,209.73
2025-09-12,google_ads,370.22
2025-09-12,meta_ads,408.29
2025-09-12,tiktok_ads,466.77
2025-09-12,email,59.3
2025-09-12,affiliate,229.67
2025-09-13,google_ads,400.85
2025-09-13,meta_ads,307.74
2025-09-13,tiktok_ads,487.22
2025-09-13,email,46.42
2025-09-13,affiliate,97.68
2025-09-14,google_ads,946.7
2025-09-14,meta_ads,618.45
2025-09-14,tiktok_ads,158.09
2025-09-14,email,73.67
2025-09-14,affiliate,123.47
2025-09-15,google_ads,1115.5
2025-09-15,meta_ads,493.62
2025-09-15,tiktok_ads,77.02
2025-09-15,email,21.47
2025-09-15,affiliate,115.58
2025-09-16,google_ads,1171.07
2025-09-16,meta_ads,553.08
2025-09-16,tiktok_ads,479.91
2025-09-16,email,49.57
2025-09-16,affiliate,154.27
2025-09-17,google_ads,837.63
2025-09-17,meta_ads,798.17
2025-09-17,tiktok_ads,235.88
2025-09-17,email,80.94
2025-09-17,affiliate,73.55
2025-09-18,google_ads,590.97
2025-09-18,meta_ads,740.08
2025-09-18,tiktok_ads,444.45
2025-09-18,email,51.81
2025-09-18,affiliate,22.34
2025-09-19,google_ads,1163.91
2025-09-19,meta_ads,358.9
2025-09-19,tiktok_ads,355.33
2025-09-19,email,108.76
2025-09-19,affiliate,191.61
2025-09-20,google_ads,567.62
2025-09-20,meta_ads,272.54
2025-09-20,tiktok_ads,334.38
2025-09-20,email,17.76
2025-09-20,affiliate,178.65
2025-09-21,google_ads,420.8
2025-09-21,meta_ads,349.18
2025-09-21,tiktok_ads,363.37
2025-09-21,email,13.19
2025-09-21,affiliate,171.62
2025-09-22,google_ads,623.24
2025-09-22,meta_ads,271.26
2025-09-22,tiktok_ads,358.05
2025-09-22,email,38.79
2025-09-22,affiliate,91.94
2025-09-23,google_ads,1040.31
2025-09-23,meta_ads,658.12
2025-09-23,tiktok_ads,182.78
2025-09-23,email,27.56
2025-09-23,affiliate,83.15
2025-09-24,google_ads,688.19
2025-09-24,meta_ads,168.02
2025-09-24,tiktok_ads,304.27
2025-09-24,email,45.53
2025-09-24,affiliate,33.61
2025-09-25,google_ads,328.77
2025-09-25,meta_ads,688.81
2025-09-25,tiktok_ads,159.17
2025-09-25,email,115.07
2025-09-25,affiliate,152.46
2025-09-26,google_ads,228.94
2025-09-26,meta_ads,238.0
2025-09-26,tiktok_ads,377.39
2025-09-26,email,65.5
2025-09-26,affiliate,40.96
2025-09-27,google_ads,746.99
2025-09-27,meta_ads,261.03
2025-09-27,tiktok_ads,301.88
2025-09-27,email,15.87
2025-09-27,affiliate,224.95
2025-09-28,google_ads,710.44
2025-09-28,meta_ads,158.05
2025-09-28,tiktok_ads,476.52
2025-09-28,email,50.26
2025-09-28,affiliate,70.25
2025-09-29,google_ads,657.03
2025-09-29,meta_ads,778.28
2025-09-29,tiktok_ads,147.0
2025-09-29,email,54.41
2025-09-29,affiliate,24.87
2025-09-30,google_ads,835.89
2025-09-30,meta_ads,487.39
2025-09-30,tiktok_ads,132.91
2025-09-30,email,94.36
2025-09-30,affiliate,36.3
2025-10-01,google_ads,518.77
2025-10-01,meta_ads,435.73
2025-10-01,tiktok_ads,327.59
2025-10-01,email,82.61
2025-10-01,affiliate,104.66
2025-10-02,google_ads,896.84
2025-10-02,meta_ads,586.02
2025-10-02,tiktok_ads,455.11
2025-10-02,email,48.88
2025-10-02,affiliate,133.77
2025-10-03,google_ads,768.35
2025-10-03,meta_ads,608.7
2025-10-03,tiktok_ads,223.18
2025-10-03,email,50.46
2025-10-03,affiliate,224.94
2025-10-04,google_ads,461.15
2025-10-04,meta_ads,551.22
2025-10-04,tiktok_ads,307.78
2025-10-04,email,79.47
2025-10-04,affiliate,121.92
2025-10-05,google_ads,411.75
2025-10-05,meta_ads,750.5
2025-10-05,tiktok_ads,454.93
2025-10-05,email,71.51
2025-10-05,affiliate,163.58
2025-10-06,google_ads,1142.06
2025-10-06,meta_ads,667.26
2025-10-06,tiktok_ads,117.63
2025-10-06,email,103.86
2025-10-06,affiliate,226.28
2025-10-07,google_ads,343.41
2025-10-07,meta_ads,849.77
2025-10-07,tiktok_ads,474.66
2025-10-07,email,108.36
2025-10-07,affiliate,197.94
2025-10-08,google_ads,845.24
2025-10-08,meta_ads,525.47
2025-10-08,tiktok_ads,400.93
2025-10-08,email,18.17
2025-10-08,affiliate,169.53
2025-10-09,google_ads,296.28
2025-10-09,meta_ads,200.33
2025-10-09,tiktok_ads,336.83
2025-10-09,email,30.35
2025-10-09,affiliate,88.85
2025-10-10,google_ads,1107.68
2025-10-10,meta_ads,518.57
2025-10-10,tiktok_ads,372.63
2025-10-10,email,45.16
2025-10-10,affiliate,33.81
2025-10-11,google_ads,367.25
2025-10-11,meta_ads,547.89
2025-10-11,tiktok_ads,229.72
2025-10-11,email,78.53
2025-10-11,affiliate,80.28
2025-10-12,google_ads,343.15
2025-10-12,meta_ads,568.91
2025-10-12,tiktok_ads,478.47
2025-10-12,email,30.74
2025-10-12,affiliate,187.62
2025-10-13,google_ads,883.2
2025-10-13,meta_ads,331.48
2025-10-13,tiktok_ads,378.34
2025-10-13,email,20.07
2025-10-13,affiliate,58.76
2025-10-14,google_ads,1192.02
2025-10-14,meta_ads,808.54
2025-10-14,tiktok_ads,185.72
2025-10-14,email,91.05
2025-10-14,affiliate,59.76
2025-10-15,google_ads,400.28
2025-10-15,meta_ads,729.68
2025-10-15,tiktok_ads,162.76
2025-10-15,email,80.84
2025-10-15,affiliate,202.69
2025-10-16,google_ads,222.05
2025-10-16,meta_ads,337.89
2025-10-16,tiktok_ads,137.45
2025-10-16,email,88.82
2025-10-16,affiliate,209.23
2025-10-17,google_ads,1101.18
2025-10-17,meta_ads,421.27
2025-10-17,tiktok_ads,425.4
2025-10-17,email,28.12
2025-10-17,affiliate,129.98
2025-10-18,google_ads,446.48
2025-10-18,meta_ads,548.84
2025-10-18,tiktok_ads,419.61
2025-10-18,email,76.86
2025-10-18,affiliate,78.16
2025-10-19,google_ads,313.49
2025-10-19,meta_ads,255.7
2025-10-19,tiktok_ads,193.09
2025-10-19,email,10.9
2025-10-19,affiliate,147.35
2025-10-20,google_ads,794.34
2025-10-20,meta_ads,866.11
2025-10-20,tiktok_ads,403.96
2025-10-20,email,32.43
2025-10-20,affiliate,89.6
2025-10-21,google_ads,1163.23
2025-10-21,meta_ads,883.05
2025-10-21,tiktok_ads,175.27
2025-10-21,email,65.26
2025-10-21,affiliate,104.38
2025-10-22,google_ads,268.66
2025-10-22,meta_ads,310.75
2025-10-22,tiktok_ads,397.54
2025-10-22,email,78.58
2025-10-22,affiliate,179.14
2025-10-23,google_ads,1092.49
2025-10-23,meta_ads,470.64
2025-10-23,tiktok_ads,243.04
2025-10-23,email,30.42
2025-10-23,affiliate,75.02
2025-10-24,google_ads,1019.39
2025-10-24,meta_ads,236.98
2025-10-24,tiktok_ads,111.26
2025-10-24,email,12.85
2025-10-24,affiliate,58.05
2025-10-25,google_ads,254.58
2025-10-25,meta_ads,232.21
2025-10-25,tiktok_ads,158.47
2025-10-25,email,20.15
2025-10-25,affiliate,156.17
2025-10-26,google_ads,382.46
2025-10-26,meta_ads,576.83
2025-10-26,tiktok_ads,82.33
2025-10-26,email,69.95
2025-10-26,affiliate,141.51
2025-10-27,google_ads,270.24
2025-10-27,meta_ads,434.88
2025-10-27,tiktok_ads,241.35
2025-10-27,email,99.05
2025-10-27,affiliate,56.29
2025-10-28,google_ads,317.02
2025-10-28,meta_ads,579.21
2025-10-28,tiktok_ads,357.48
2025-10-28,email,105.57
2025-10-28,affiliate,28.3
2025-10-29,google_ads,354.08
2025-10-29,meta_ads,653.03
2025-10-29,tiktok_ads,144.57
2025-10-29,email,53.18
2025-10-29,affiliate,149.17
2025-10-30,google_ads,1016.64
2025-10-30,meta_ads,305.17
2025-10-30,tiktok_ads,254.6
2025-10-30,email,26.68
2025-10-30,affiliate,194.89
2025-10-31,google_ads,1081.0
2025-10-31,meta_ads,619.53
2025-10-31,tiktok_ads,275.18
2025-10-31,email,119.09
2025-10-31,affiliate,243.97
2025-11-01,google_ads,810.48
2025-11-01,meta_ads,170.98
2025-11-01,tiktok_ads,64.99
2025-11-01,email,82.07
2025-11-01,affiliate,178.88
2025-11-02,google_ads,846.76
2025-11-02,meta_ads,201.2
2025-11-02,tiktok_ads,395.6
2025-11-02,email,41.96
2025-11-02,affiliate,93.84
2025-11-03,google_ads,1066.81
2025-11-03,meta_ads,234.01
2025-11-03,tiktok_ads,377.76
2025-11-03,email,95.99
2025-11-03,affiliate,25.27
2025-11-04,google_ads,1087.35
2025-11-04,meta_ads,336.76
2025-11-04,tiktok_ads,479.18
2025-11-04,email,38.98
2025-11-04,affiliate,104.61
2025-11-05,google_ads,227.82
2025-11-05,meta_ads,519.82
2025-11-05,tiktok_ads,172.68
2025-11-05,email,67.12
2025-11-05,affiliate,197.09
2025-11-06,google_ads,544.94
2025-11-06,meta_ads,769.78
2025-11-06,tiktok_ads,278.21
2025-11-06,email,48.14
2025-11-06,affiliate,181.77
2025-11-07,google_ads,558.11
2025-11-07,meta_ads,794.75
2025-11-07,tiktok_ads,262.06
2025-11-07,email,34.87
2025-11-07,affiliate,209.87
2025-11-08,google_ads,756.88
2025-11-08,meta_ads,408.8
2025-11-08,tiktok_ads,351.34
2025-11-08,email,115.56
2025-11-08,affiliate,135.88
2025-11-09,google_ads,243.74
2025-11-09,meta_ads,709.73
2025-11-09,tiktok_ads,398.44
2025-11-09,email,44.7
2025-11-09,affiliate,224.43
2025-11-10,google_ads,955.04
2025-11-10,meta_ads,882.42
2025-11-10,tiktok_ads,487.26
2025-11-10,email,114.95
2025-11-10,affiliate,194.73
2025-11-11,google_ads,773.33
2025-11-11,meta_ads,434.34
2025-11-11,tiktok_ads,399.45
2025-11-11,email,16.65
2025-11-11,affiliate,111.76
2025-11-12,google_ads,661.66
2025-11-12,meta_ads,160.25
2025-11-12,tiktok_ads,321.28
2025-11-12,email,40.9
2025-11-12,affiliate,230.22
2025-11-13,google_ads,1062.66
2025-11-13,meta_ads,875.89
2025-11-13,tiktok_ads,234.77
2025-11-13,email,76.51
2025-11-13,affiliate,218.1
2025-11-14,google_ads,336.92
2025-11-14,meta_ads,724.4
2025-11-14,tiktok_ads,156.01
2025-11-14,email,60.73
2025-11-14,affiliate,26.73
2025-11-15,google_ads,273.04
2025-11-15,meta_ads,407.61
2025-11-15,tiktok_ads,71.63
2025-11-15,email,64.5
2025-11-15,affiliate,230.01
2025-11-16,google_ads,360.37
2025-11-16,meta_ads,372.48
2025-11-16,tiktok_ads,155.13
2025-11-16,email,33.7
2025-11-16,affiliate,27.04
2025-11-17,google_ads,952.64
2025-11-17,meta_ads,403.23
2025-11-17,tiktok_ads,295.19
2025-11-17,email,64.0
2025-11-17,affiliate,85.62
2025-11-18,google_ads,895.84
2025-11-18,meta_ads,670.12
2025-11-18,tiktok_ads,302.91
2025-11-18,email,78.54
2025-11-18,affiliate,169.75
2025-11-19,google_ads,443.41
2025-11-19,meta_ads,401.29
2025-11-19,tiktok_ads,382.17
2025-11-19,email,102.48
2025-11-19,affiliate,133.36
2025-11-20,google_ads,342.14
2025-11-20,meta_ads,788.19
2025-11-20,tiktok_ads,203.01
2025-11-20,email,69.59
2025-11-20,affiliate,179.26
2025-11-21,google_ads,885.9
2025-11-21,meta_ads,562.81
2025-11-21,tiktok_ads,208.57
2025-11-21,email,40.18
2025-11-21,affiliate,92.76
2025-11-22,google_ads,847.99
2025-11-22,meta_ads,675.23
2025-11-22,tiktok_ads,480.12
2025-11-22,email,95.99
2025-11-22,affiliate,241.69
2025-11-23,google_ads,955.78
2025-11-23,meta_ads,246.49
2025-11-23,tiktok_ads,248.48
2025-11-23,email,69.69
2025-11-23,affiliate,229.04
2025-11-24,google_ads,747.8
2025-11-24,meta_ads,516.78
2025-11-24,tiktok_ads,234.41
2025-11-24,email,71.89
2025-11-24,affiliate,166.03
2025-11-25,google_ads,345.37
2025-11-25,meta_ads,330.39
2025-11-25,tiktok_ads,67.48
2025-11-25,email,38.39
2025-11-25,affiliate,74.14
2025-11-26,google_ads,455.34
2025-11-26,meta_ads,423.07
2025-11-26,tiktok_ads,196.93
2025-11-26,email,56.32
2025-11-26,affiliate,203.9
2025-11-27,google_ads,717.26
2025-11-27,meta_ads,703.54
2025-11-27,tiktok_ads,475.24
2025-11-27,email,39.23
2025-11-27,affiliate,110.37
2025-11-28,google_ads,691.09
2025-11-28,meta_ads,216.25
2025-11-28,tiktok_ads,76.98
2025-11-28,email,35.08
2025-11-28,affiliate,125.19
2025-11-29,google_ads,427.3
2025-11-29,meta_ads,399.78
2025-11-29,tiktok_ads,113.6
2025-11-29,email,49.42
2025-11-29,affiliate,89.44
2025-11-30,google_ads,550.47
2025-11-30,meta_ads,586.2
2025-11-30,tiktok_ads,94.97
2025-11-30,email,58.34
2025-11-30,affiliate,145.13
2025-12-01,google_ads,906.73
2025-12-01,meta_ads,683.5
2025-12-01,tiktok_ads,369.34
2025-12-01,email,108.08
2025-12-01,affiliate,36.72
2025-12-02,google_ads,739.01
2025-12-02,meta_ads,238.7
2025-12-02,tiktok_ads,195.04
2025-12-02,email,110.92
2025-12-02,affiliate,217.74
2025-12-03,google_ads,1077.45
2025-12-03,meta_ads,207.1
2025-12-03,tiktok_ads,287.21
2025-12-03,email,28.3
2025-12-03,affiliate,192.16
2025-12-04,google_ads,222.14
2025-12-04,meta_ads,399.64
2025-12-04,tiktok_ads,209.51
2025-12-04,email,79.37
2025-12-04,affiliate,107.19
2025-12-05,google_ads,550.63
2025-12-05,meta_ads,343.65
2025-12-05,tiktok_ads,386.27
2025-12-05,email,65.09
2025-12-05,affiliate,76.76
2025-12-06,google_ads,566.02
2025-12-06,meta_ads,712.81
2025-12-06,tiktok_ads,432.08
2025-12-06,email,35.46
2025-12-06,affiliate,123.98
2025-12-07,google_ads,1083.32
2025-12-07,meta_ads,276.53
2025-12-07,tiktok_ads,357.73
2025-12-07,email,79.51
2025-12-07,affiliate,92.4
2025-12-08,google_ads,1191.88
2025-12-08,meta_ads,785.7
2025-12-08,tiktok_ads,215.84
2025-12-08,email,55.13
2025-12-08,affiliate,117.52
2025-12-09,google_ads,208.87
2025-12-09,meta_ads,894.36
2025-12-09,tiktok_ads,434.54
2025-12-09,email,20.2
2025-12-09,affiliate,239.71
2025-12-10,google_ads,843.53
2025-12-10,meta_ads,253.25
2025-12-10,tiktok_ads,278.48
2025-12-10,email,26.48
2025-12-10,affiliate,70.73
2025-12-11,google_ads,722.66
2025-12-11,meta_ads,749.9
2025-12-11,tiktok_ads,267.49
2025-12-11,email,39.38
2025-12-11,affiliate,48.91
2025-12-12,google_ads,298.98
2025-12-12,meta_ads,792.93
2025-12-12,tiktok_ads,485.0
2025-12-12,email,58.95
2025-12-12,affiliate,220.63
2025-12-13,google_ads,370.79
2025-12-13,meta_ads,266.68
2025-12-13,tiktok_ads,405.89
2025-12-13,email,16.09
2025-12-13,affiliate,153.61
2025-12-14,google_ads,909.26
2025-12-14,meta_ads,150.83
2025-12-14,tiktok_ads,145.22
2025-12-14,email,13.23
2025-12-14,affiliate,184.71
2025-12-15,google_ads,773.59
2025-12-15,meta_ads,454.79
2025-12-15,tiktok_ads,464.24
2025-12-15,email,49.68
2025-12-15,affiliate,145.03
2025-12-16,google_ads,269.63
2025-12-16,meta_ads,458.9
2025-12-16,tiktok_ads,365.0
2025-12-16,email,38.56
2025-12-16,affiliate,225.07
2025-12-17,google_ads,973.64
2025-12-17,meta_ads,164.45
2025-12-17,tiktok_ads,181.04
2025-12-17,email,68.05
2025-12-17,affiliate,77.93
2025-12-18,google_ads,472.01
2025-12-18,meta_ads,803.7
2025-12-18,tiktok_ads,482.93
2025-12-18,email,99.42
2025-12-18,affiliate,27.8
